,MSFT,NVDA
2020-04-29,177.43,298.46
2020-04-30,179.21,292.28
2020-05-01,174.57,282.78
2020-05-04,178.84,291.29
2020-05-05,180.76,293.74
2020-05-06,182.54,297.79
2020-05-07,183.6,304.87
2020-05-08,184.68,312.5
2020-05-11,186.74,322.62
2020-05-12,182.51,312.1
2020-05-13,179.75,311.2
2020-05-14,180.53,321.22
2020-05-15,183.16,339.63
2020-05-18,184.91,350.01
2020-05-19,183.63,352.22
2020-05-20,185.66,358.8
2020-05-21,183.43,351.01
2020-05-22,183.51,361.05
2020-05-26,181.57,348.71
2020-05-27,181.81,341.01
2020-05-28,181.4,339.48
2020-05-29,183.25,355.02
2020-06-01,182.83,352.25
2020-06-02,184.91,353.01
2020-06-03,185.36,350.78
2020-06-04,182.92,350.66
2020-06-05,187.2,356.8
2020-06-08,188.36,352.2
2020-06-09,189.8,361.84
2020-06-10,196.84,374.67
2020-06-11,186.27,351.85
2020-06-12,187.74,357.3
2020-06-15,188.94,366.95
2020-06-16,193.57,362.74
2020-06-17,194.24,369.44
2020-06-18,196.32,368.72
2020-06-19,195.15,370.45
2020-06-22,200.57,381.07
2020-06-23,201.91,378.0
2020-06-24,197.84,369.42
2020-06-25,200.34,379.6
2020-06-26,196.33,366.2
2020-06-29,198.44,368.0
2020-06-30,203.51,379.91
2020-07-01,204.7,381.2
2020-07-02,206.26,384.49
2020-07-06,210.7,393.57
2020-07-07,208.25,394.87
2020-07-08,212.83,408.64
2020-07-09,214.32,420.36
2020-07-10,213.67,419.17
2020-07-13,207.07,402.09
2020-07-14,208.35,415.08
2020-07-15,208.04,409.09
2020-07-16,203.92,405.39
2020-07-17,202.88,408.06
2020-07-20,211.6,420.43
2020-07-21,208.75,413.14
2020-07-22,211.75,417.55
2020-07-23,202.54,405.19
2020-07-24,201.3,407.78
2020-07-27,203.85,416.86
2020-07-28,202.02,408.62
2020-07-29,204.06,418.62
2020-07-30,203.9,424.56
2020-07-31,205.01,424.59
2020-08-03,216.54,440.41
2020-08-04,213.29,449.11
2020-08-05,212.94,451.47
2020-08-06,216.35,453.42
2020-08-07,212.48,447.98
2020-08-10,208.25,446.6
2020-08-11,203.38,434.0
2020-08-12,209.19,457.61
2020-08-13,208.7,457.72
2020-08-14,208.9,462.56
2020-08-17,210.28,493.48
2020-08-18,211.49,490.43
2020-08-19,209.7,485.54
2020-08-20,214.58,485.64
2020-08-21,213.02,507.34
2020-08-24,213.69,508.81
2020-08-25,216.47,510.0
2020-08-26,221.15,510.92
2020-08-27,226.58,505.13
2020-08-28,228.91,525.91
2020-08-31,225.53,534.98
2020-09-01,227.27,552.84
2020-09-02,231.65,573.86
2020-09-03,217.3,520.62
2020-09-04,214.25,504.9
2020-09-08,202.66,476.52
2020-09-09,211.29,508.6
2020-09-10,205.37,492.47
2020-09-11,204.03,486.58
2020-09-14,205.41,514.89
2020-09-15,208.78,519.64
2020-09-16,205.05,500.58
2020-09-17,202.91,498.54
2020-09-18,200.39,487.57
2020-09-21,202.54,500.69
2020-09-22,207.42,505.51
2020-09-23,200.59,484.95
2020-09-24,203.19,493.92
2020-09-25,207.82,514.95
2020-09-28,209.44,521.4
2020-09-29,207.26,529.03
2020-09-30,210.33,541.22
2020-10-01,212.46,544.58
2020-10-02,206.19,522.49
2020-10-05,210.38,545.7
2020-10-06,205.91,549.46
2020-10-07,209.83,558.56
2020-10-08,210.58,553.55
2020-10-09,215.81,550.51
2020-10-12,221.4,569.04
2020-10-13,222.86,569.93
2020-10-14,220.86,563.81
2020-10-15,219.66,558.8
2020-10-16,219.66,552.46
2020-10-19,214.22,539.91
2020-10-20,214.65,545.82
2020-10-21,214.8,540.99
2020-10-22,214.89,534.44
2020-10-23,216.23,543.61
2020-10-26,210.08,525.65
2020-10-27,213.25,535.87
2020-10-28,202.68,505.08
2020-10-29,204.72,520.96
2020-10-30,202.47,501.36
2020-11-02,202.33,503.23
2020-11-03,206.43,520.78
2020-11-04,216.39,551.77
2020-11-05,223.29,566.4
2020-11-06,223.72,582.48
2020-11-09,218.39,545.23
2020-11-10,211.01,510.8
2020-11-11,216.55,536.72
2020-11-12,215.44,538.27
2020-11-13,216.51,531.88
2020-11-16,217.23,540.61
2020-11-17,214.46,536.89
2020-11-18,211.08,537.15
2020-11-19,212.42,537.61
2020-11-20,210.39,523.51
2020-11-23,210.11,525.6
2020-11-24,213.86,518.31
2020-11-25,213.87,529.39
2020-11-27,215.23,530.45
2020-11-30,214.07,536.06
2020-12-01,216.21,535.6
2020-12-02,215.37,541.78
2020-12-03,214.24,535.84
2020-12-04,214.36,542.33
2020-12-07,214.29,544.27
2020-12-08,216.01,534.0
2020-12-09,211.8,517.23
2020-12-10,210.52,518.89
2020-12-11,213.26,520.53
2020-12-14,214.2,532.35
2020-12-15,214.13,534.42
2020-12-16,219.28,529.7
2020-12-17,219.42,533.65
2020-12-18,218.59,530.88
2020-12-21,222.59,533.29
2020-12-22,223.94,531.13
2020-12-23,221.02,520.37
2020-12-24,222.75,519.75
2020-12-28,224.96,516.0
2020-12-29,224.15,517.73
2020-12-30,221.68,525.83
2020-12-31,222.42,522.2
2021-01-04,217.69,524.54
2021-01-05,217.9,536.19
2021-01-06,212.25,504.58
2021-01-07,218.29,533.76
2021-01-08,219.62,531.07
2021-01-11,217.49,544.86
2021-01-12,214.93,539.39
2021-01-13,216.34,541.27
2021-01-14,213.02,528.01
2021-01-15,212.65,514.38
2021-01-19,216.44,521.01
2021-01-20,224.34,534.63
2021-01-21,224.97,554.7
2021-01-22,225.95,548.5
2021-01-25,229.53,546.13
2021-01-26,232.33,537.41
2021-01-27,232.9,516.71
2021-01-28,238.93,522.04
2021-01-29,231.96,519.59
2021-02-01,239.65,529.48
2021-02-02,239.51,542.27
2021-02-03,243.0,541.22
2021-02-04,242.01,546.57
2021-02-05,242.2,543.64
2021-02-08,242.47,577.55
2021-02-09,243.77,570.53
2021-02-10,242.82,590.57
2021-02-11,244.49,610.03
2021-02-12,244.99,598.45
2021-02-16,243.7,613.21
2021-02-17,244.2,596.24
2021-02-18,243.79,593.16
2021-02-19,240.97,597.06
2021-02-22,234.51,574.23
2021-02-23,233.27,565.68
2021-02-24,234.55,579.96
2021-02-25,228.99,532.3
2021-02-26,232.38,548.58
2021-03-01,236.94,553.67
2021-03-02,233.87,536.25
2021-03-03,227.56,512.19
2021-03-04,226.73,494.81
2021-03-05,231.6,498.46
2021-03-08,227.39,463.73
2021-03-09,233.78,500.81
2021-03-10,232.42,498.73
2021-03-11,237.13,519.74
2021-03-12,235.75,514.24
2021-03-15,234.81,527.65
2021-03-16,237.71,531.65
2021-03-17,237.04,533.65
2021-03-18,230.72,508.9
2021-03-19,230.35,513.83
2021-03-22,235.99,527.45
2021-03-23,237.58,522.83
2021-03-24,235.46,505.72
2021-03-25,232.34,501.41
2021-03-26,236.48,513.57
2021-03-29,235.24,517.93
2021-03-30,231.85,514.87
2021-03-31,235.77,533.93
2021-04-01,242.35,552.47
2021-04-05,249.07,559.5
2021-04-06,247.86,554.46
2021-04-07,249.9,565.74
2021-04-08,253.25,572.68
2021-04-09,255.85,576.0
2021-04-12,255.91,608.36
2021-04-13,258.49,627.18
2021-04-14,255.59,611.08
2021-04-15,259.5,645.49
2021-04-16,260.74,636.5
2021-04-19,258.74,614.47
2021-04-20,258.26,606.85
2021-04-21,260.58,614.42
2021-04-22,257.17,594.01
2021-04-23,261.15,610.61
2021-04-26,261.55,619.12
2021-04-27,261.97,615.27
2021-04-28,254.56,611.07
2021-04-29,252.51,612.99
2021-04-30,252.18,600.38
2021-05-03,251.86,593.47
2021-05-04,247.79,574.05
2021-05-05,246.47,578.34
2021-05-06,249.73,580.92
2021-05-07,252.46,592.49
2021-05-10,247.18,570.63
2021-05-11,246.23,572.25
2021-05-12,239.0,550.34
2021-05-13,243.03,546.61
2021-05-14,248.15,569.72
2021-05-17,245.18,566.62
2021-05-18,243.08,560.63
2021-05-19,243.12,562.63
2021-05-20,246.48,584.5
2021-05-21,245.17,599.67
2021-05-24,250.78,624.48
2021-05-25,251.72,625.91
2021-05-26,251.49,628.0
2021-05-27,249.31,619.52
2021-05-28,249.68,649.78
2021-06-01,247.4,650.58
2021-06-02,247.3,671.13
2021-06-03,245.71,678.79
2021-06-04,250.79,703.13
2021-06-07,253.81,704.76
2021-06-08,252.57,698.28
2021-06-09,253.59,694.33
2021-06-10,257.24,697.0
2021-06-11,257.89,713.01
2021-06-14,259.89,720.75
2021-06-15,258.36,711.54
2021-06-16,257.38,712.41
2021-06-17,260.9,746.29
2021-06-18,259.43,745.55
2021-06-21,262.63,737.09
2021-06-22,265.51,755.47
2021-06-23,265.275,762.29
2021-06-24,266.69,768.22
2021-06-25,265.02,761.24
2021-06-28,268.72,799.4
2021-06-29,271.4,801.07
2021-06-30,270.9,800.1
2021-07-01,271.6,808.48
2021-07-02,277.65,819.48
2021-07-06,277.66,827.94
2021-07-07,279.93,814.87
2021-07-08,277.42,796.11
2021-07-09,277.94,802.01
2021-07-12,277.32,820.5
2021-07-13,280.98,810.0
2021-07-14,282.51,793.66
2021-07-15,281.03,758.65
2021-07-16,280.75,726.44
2021-07-19,277.01,751.19
2021-07-20,279.32,186.12
2021-07-21,281.4,194.1
2021-07-22,286.14,195.94
2021-07-23,289.67,195.58
2021-07-26,289.05,192.94
2021-07-27,286.54,192.08
2021-07-28,286.22,195.03
2021-07-29,286.5,196.62
2021-07-30,284.91,194.99
2021-08-02,284.82,197.5
2021-08-03,287.12,198.15
2021-08-04,286.51,202.74
2021-08-05,289.52,206.37
2021-08-06,289.46,203.66
2021-08-09,288.33,202.95
2021-08-10,286.44,199.36
2021-08-11,286.95,196.99
2021-08-12,289.81,199.05
2021-08-13,292.85,201.88
2021-08-16,294.6,199.5
2021-08-17,293.08,194.58
2021-08-18,290.73,190.4
2021-08-19,296.77,197.98
2021-08-20,304.36,208.16
2021-08-23,304.65,219.58
2021-08-24,302.62,217.93
2021-08-25,302.01,222.13
2021-08-26,299.09,220.68
2021-08-27,299.72,226.36
2021-08-30,303.59,226.88
2021-08-31,301.88,223.85
2021-09-01,301.83,224.41
2021-09-02,301.15,223.96
2021-09-03,301.14,228.43
2021-09-07,300.18,226.62
2021-09-08,300.21,223.39
2021-09-09,297.25,221.77
2021-09-10,295.71,224.78
2021-09-13,296.99,221.52
2021-09-14,299.79,222.42
2021-09-15,304.82,223.41
2021-09-16,305.22,222.42
2021-09-17,299.87,219.0
2021-09-20,294.3,211.13
2021-09-21,294.8,212.46
2021-09-22,298.58,219.41
2021-09-23,299.56,224.82
2021-09-24,299.35,220.81
2021-09-27,294.17,216.6
2021-09-28,283.52,206.99
2021-09-29,284.0,205.17
2021-09-30,281.92,207.16
2021-10-01,289.1,207.42
2021-10-04,283.11,197.32
2021-10-05,288.76,204.51
2021-10-06,293.11,207.0
2021-10-07,294.85,210.75
2021-10-08,294.85,208.31
2021-10-11,294.23,206.95
2021-10-12,292.88,206.71
2021-10-13,296.31,209.39
2021-10-14,302.75,217.46
2021-10-15,304.21,218.62
2021-10-18,307.29,222.22
2021-10-19,308.23,222.9
2021-10-20,307.41,221.03
2021-10-21,310.76,226.92
2021-10-22,309.16,227.26
2021-10-25,308.13,231.66
2021-10-26,310.11,247.17
2021-10-27,323.17,244.51
2021-10-28,324.35,249.41
2021-10-29,331.62,255.67
2021-11-01,329.37,258.27
2021-11-02,333.13,264.01
2021-11-03,334.0,265.98
2021-11-04,336.44,298.01
2021-11-05,336.06,297.52
2021-11-08,336.99,308.04
2021-11-09,335.95,306.57
2021-11-10,330.8,294.59
2021-11-11,332.43,303.9
2021-11-12,336.72,303.9
2021-11-15,336.07,300.25
2021-11-16,339.51,302.03
2021-11-17,339.12,292.61
2021-11-18,341.27,316.75
2021-11-19,343.11,329.85
2021-11-22,339.83,319.56
2021-11-23,337.68,317.46
2021-11-24,337.91,326.74
2021-11-26,329.68,315.03
2021-11-29,336.63,333.76
2021-11-30,330.59,326.76
2021-12-01,330.08,314.35
2021-12-02,329.49,321.26
2021-12-03,323.01,306.93
2021-12-06,326.19,300.37
2021-12-07,334.92,324.27
2021-12-08,334.97,318.26
2021-12-09,333.1,304.9
2021-12-10,342.54,301.98
2021-12-13,339.4,281.61
2021-12-14,328.34,283.37
2021-12-15,334.65,304.59
2021-12-16,324.9,283.87
2021-12-17,323.8,278.01
2021-12-20,319.91,277.19
2021-12-21,327.29,290.75
2021-12-22,333.2,294.0
2021-12-23,334.69,296.4
2021-12-27,342.45,309.45
2021-12-28,341.25,303.22
2021-12-29,341.95,300.01
2021-12-30,339.32,295.86
2021-12-31,336.32,294.11
2022-01-03,334.75,301.21
2022-01-04,329.01,292.9
2022-01-05,316.38,276.04
2022-01-06,313.88,281.78
2022-01-07,314.04,272.47
2022-01-10,314.27,274.0
2022-01-11,314.98,278.17
2022-01-12,318.27,279.99
2022-01-13,304.8,265.75
2022-01-14,310.2,269.42
2022-01-18,302.65,259.03
2022-01-19,303.33,250.67
2022-01-20,301.6,241.5
2022-01-21,296.03,233.74
2022-01-24,296.37,233.72
2022-01-25,288.49,223.24
2022-01-26,296.71,227.72
2022-01-27,299.84,219.44
2022-01-28,308.26,228.4
2022-01-31,310.98,244.86
2022-02-01,308.76,246.38
2022-02-02,313.46,252.42
2022-02-03,301.25,239.48
2022-02-04,305.94,243.19
2022-02-07,300.95,247.28
2022-02-08,304.56,251.08
2022-02-09,311.21,267.05
2022-02-10,302.38,258.24
2022-02-11,295.04,239.49
2022-02-14,295.0,242.67
2022-02-15,300.47,264.95
2022-02-16,299.5,265.11
2022-02-17,290.73,245.07
2022-02-18,287.93,236.42
2022-02-22,287.72,233.9
2022-02-23,280.27,223.87
2022-02-24,294.59,237.48
2022-02-25,297.31,241.57
2022-02-28,298.79,243.85
2022-03-01,294.95,234.77
2022-03-02,300.19,242.2
2022-03-03,295.92,237.14
2022-03-04,289.86,229.36
2022-03-07,278.91,213.52
2022-03-08,275.85,215.14
2022-03-09,288.5,230.14
2022-03-10,285.59,226.58
2022-03-11,280.07,221.0
2022-03-14,276.44,213.3
2022-03-15,287.15,229.73
2022-03-16,294.39,244.96
2022-03-17,295.22,247.66
2022-03-18,300.43,264.53
2022-03-21,299.16,267.34
2022-03-22,304.06,265.24
2022-03-23,299.49,256.34
2022-03-24,304.1,281.5
2022-03-25,303.68,276.92
2022-03-28,310.7,282.19
2022-03-29,315.41,286.56
2022-03-30,313.86,276.9
2022-03-31,308.31,272.86
2022-04-01,309.42,267.12
2022-04-04,314.97,273.6
2022-04-05,310.88,259.31
2022-04-06,299.5,244.07
2022-04-07,301.37,242.08
2022-04-08,296.97,231.19
2022-04-11,285.26,219.17
2022-04-12,282.06,215.04
2022-04-13,287.62,222.03
2022-04-14,279.83,212.58
2022-04-18,280.52,217.83
2022-04-19,285.3,221.98
2022-04-20,286.36,214.82
2022-04-21,280.81,201.83
2022-04-22,274.03,195.15
2022-04-25,280.72,199.02
2022-04-26,270.22,187.88
2022-04-27,283.22,184.15
2022-04-28,289.63,197.82
2022-04-29,277.52,185.47
2022-05-02,284.47,195.33
2022-05-03,281.78,196.02
2022-05-04,289.98,203.34
2022-05-05,277.35,188.44
2022-05-06,274.73,186.75
2022-05-09,264.58,169.5
2022-05-10,269.5,175.95
2022-05-11,260.55,166.3
2022-05-12,255.35,161.75
2022-05-13,261.12,177.06
2022-05-16,261.5,172.64
2022-05-17,266.82,181.77
2022-05-18,254.08,169.38
2022-05-19,253.14,171.24
2022-05-20,252.56,166.94
2022-05-23,260.65,168.98
2022-05-24,259.62,161.54
2022-05-25,262.52,169.75
2022-05-26,265.9,178.51
2022-05-27,273.24,188.11
2022-05-31,271.87,186.72
2022-06-01,272.42,183.2
2022-06-02,274.58,195.92
2022-06-03,270.02,187.2
2022-06-06,268.75,187.86
2022-06-07,272.5,189.26
2022-06-08,270.41,186.48
2022-06-09,264.79,180.48
2022-06-10,252.99,169.74
2022-06-13,242.26,156.47
2022-06-14,244.49,158.36
2022-06-15,251.76,165.27
2022-06-16,244.97,156.01
2022-06-17,247.65,158.8
2022-06-21,253.74,165.66
2022-06-22,253.13,163.6
2022-06-23,258.86,162.25
2022-06-24,267.7,171.26
2022-06-27,264.89,168.69
2022-06-28,256.48,159.82
2022-06-29,260.26,155.42
2022-06-30,256.83,151.59
2022-07-01,259.58,145.23
2022-07-05,262.85,149.64
2022-07-06,266.21,151.3
2022-07-07,268.4,158.58
2022-07-08,267.66,158.38
2022-07-11,264.51,151.52
2022-07-12,253.67,150.82
2022-07-13,252.72,151.64
2022-07-14,254.08,153.72
2022-07-15,256.72,157.62
2022-07-18,254.25,161.01
2022-07-19,259.53,169.92
2022-07-20,262.27,178.07
2022-07-21,264.84,180.5
2022-07-22,260.36,173.19
2022-07-25,258.83,170.24
2022-07-26,251.9,165.33
2022-07-27,268.74,177.9
2022-07-28,276.41,179.84
2022-07-29,280.74,181.63
2022-08-01,278.01,184.41
2022-08-02,274.82,185.26
2022-08-03,282.47,188.93
2022-08-04,283.65,192.15
2022-08-05,282.91,189.89
2022-08-08,280.32,177.93
2022-08-09,282.3,170.86
2022-08-10,289.16,180.97
2022-08-11,287.02,179.42
2022-08-12,291.91,187.09
2022-08-15,293.47,190.32
2022-08-16,292.71,188.79
2022-08-17,291.32,183.35
2022-08-18,290.17,187.73
2022-08-19,286.15,178.49
2022-08-22,277.75,170.34
2022-08-23,276.44,171.81
2022-08-24,275.79,172.22
2022-08-25,278.85,179.13
2022-08-26,268.09,162.6
2022-08-29,265.23,158.01
2022-08-30,262.97,154.68
2022-08-31,261.47,150.94
2022-09-01,260.4,139.37
2022-09-02,256.06,136.47
2022-09-06,253.25,134.65
2022-09-07,258.09,137.14
2022-09-08,258.52,139.9
2022-09-09,264.46,143.87
2022-09-12,266.65,145.05
2022-09-13,251.99,131.31
2022-09-14,252.22,131.28
2022-09-15,245.38,129.29
2022-09-16,244.74,131.98
2022-09-19,244.52,133.82
2022-09-20,242.45,131.76
2022-09-21,238.95,132.61
2022-09-22,240.98,125.61
2022-09-23,237.92,125.16
2022-09-26,237.45,122.28
2022-09-27,236.41,124.13
2022-09-28,241.07,127.36
2022-09-29,237.5,122.2
2022-09-30,232.9,121.39
2022-10-03,240.74,125.12
2022-10-04,248.88,131.67
2022-10-05,249.2,132.09
2022-10-06,246.79,131.3
2022-10-07,234.24,120.76
2022-10-10,229.25,116.7
2022-10-11,225.41,115.86
2022-10-12,225.75,115.0
2022-10-13,234.24,119.6
2022-10-14,228.56,112.27
2022-10-17,237.53,118.88
2022-10-18,238.5,119.67
2022-10-19,236.48,120.51
2022-10-20,236.15,121.94
2022-10-21,242.12,124.66
2022-10-24,247.25,125.99
2022-10-25,250.66,132.61
2022-10-26,231.32,128.96
2022-10-27,226.75,131.76
2022-10-28,235.87,138.34
2022-10-31,232.13,134.97
2022-11-01,228.17,135.43
2022-11-02,220.1,132.19
2022-11-03,214.25,134.21
2022-11-04,221.39,141.56
2022-11-07,227.87,143.01
2022-11-08,228.87,146.02
2022-11-09,224.51,137.76
2022-11-10,242.98,157.5
2022-11-11,247.11,163.27
2022-11-14,241.55,162.95
2022-11-15,241.97,166.66
2022-11-16,241.73,159.1
2022-11-17,241.68,156.77
2022-11-18,241.22,154.09
2022-11-21,242.05,153.17
2022-11-22,245.03,160.38
2022-11-23,247.58,165.19
2022-11-25,247.49,162.7
2022-11-28,241.76,158.27
2022-11-29,240.33,156.39
2022-11-30,255.14,169.23
2022-12-01,254.69,171.35
2022-12-02,255.02,168.76
2022-12-05,250.2,166.1
2022-12-06,245.12,159.87
2022-12-07,244.37,161.2
2022-12-08,247.4,171.69
2022-12-09,245.42,170.01
2022-12-12,252.51,175.35
2022-12-13,256.92,180.72
2022-12-14,257.22,176.74
2022-12-15,249.01,169.52
2022-12-16,244.69,165.71
2022-12-19,240.45,162.54
2022-12-20,241.8,160.85
2022-12-21,244.43,165.01
2022-12-22,238.19,153.39
2022-12-23,238.73,152.06
2022-12-27,236.96,141.21
2022-12-28,234.53,140.36
2022-12-29,241.01,146.03
2022-12-30,239.82,146.14
2023-01-03,239.58,143.15
2023-01-04,229.1,147.49
2023-01-05,222.31,142.65
2023-01-06,224.93,148.59
2023-01-09,227.12,156.28
2023-01-10,228.85,159.09
2023-01-11,235.77,160.01
2023-01-12,238.51,165.11
2023-01-13,239.23,168.99
2023-01-17,240.35,177.02
2023-01-18,235.81,173.77
2023-01-19,231.93,167.65
2023-01-20,240.22,178.39
2023-01-23,242.58,191.93
2023-01-24,242.04,192.65
2023-01-25,240.61,193.23
2023-01-26,248.0,198.02
2023-01-27,248.16,203.65
2023-01-30,242.71,191.62
2023-01-31,247.81,195.37
2023-02-01,252.75,209.43
2023-02-02,264.6,217.09
2023-02-03,258.35,211.0
2023-02-06,256.77,210.89
2023-02-07,267.56,221.73
2023-02-08,266.73,222.05
2023-02-09,263.62,223.37
2023-02-10,263.1,212.65
2023-02-13,271.32,217.88
2023-02-14,272.17,229.71
2023-02-15,269.32,227.64
2023-02-16,262.15,220.02
2023-02-17,258.06,213.88
2023-02-21,252.67,206.55
2023-02-22,251.51,207.54
2023-02-23,254.77,236.64
2023-02-24,249.22,232.86
2023-02-27,250.16,235.01
2023-02-28,249.42,232.16
2023-03-01,246.27,226.98
2023-03-02,251.11,233.14
2023-03-03,255.29,238.9
2023-03-06,256.87,235.54
2023-03-07,254.15,232.88
2023-03-08,253.7,241.81
2023-03-09,252.32,234.36
2023-03-10,248.59,229.65
2023-03-13,253.92,229.66
2023-03-14,260.79,240.63
2023-03-15,265.44,242.28
2023-03-16,276.2,255.41
2023-03-17,279.43,257.25
2023-03-20,272.23,259.0
2023-03-21,273.78,261.99
2023-03-22,272.29,264.68
2023-03-23,277.66,271.91
2023-03-24,280.57,267.79
2023-03-27,276.38,265.31
2023-03-28,275.23,264.1
2023-03-29,280.51,269.84
2023-03-30,284.05,273.83
2023-03-31,288.3,277.77
2023-04-03,287.23,279.65
2023-04-04,287.18,274.53
2023-04-05,284.34,268.81
2023-04-06,291.6,270.37
2023-04-10,289.39,275.79
2023-04-11,282.83,271.69
2023-04-12,283.49,264.95
2023-04-13,289.84,264.63
2023-04-14,286.14,267.58
2023-04-17,288.8,270.02
2023-04-18,288.37,276.67
2023-04-19,288.45,279.31
2023-04-20,286.11,271.04
2023-04-21,285.76,271.19
2023-04-24,281.77,270.42
2023-04-25,275.42,262.41
2023-04-26,295.37,269.56
2023-04-27,304.83,272.26
2023-04-28,307.26,277.49
2023-05-01,305.56,289.1
2023-05-02,305.41,282.1
2023-05-03,304.4,278.02
2023-05-04,305.41,275.62
2023-05-05,310.65,286.8
2023-05-08,308.65,291.51
2023-05-09,307.0,285.71
2023-05-10,312.31,288.85
2023-05-11,310.11,285.78
2023-05-12,308.97,283.4
2023-05-15,309.46,289.53
2023-05-16,311.74,292.13
2023-05-17,314.0,301.78
2023-05-18,318.52,316.78
2023-05-19,318.34,312.64
2023-05-22,321.18,311.76
2023-05-23,315.26,306.88
2023-05-24,313.85,305.38
2023-05-25,325.92,379.8
2023-05-26,332.89,389.46
2023-05-30,331.21,401.11
2023-05-31,328.39,378.34
2023-06-01,332.58,397.7
2023-06-02,335.4,393.27
2023-06-05,335.94,391.71
2023-06-06,333.68,386.54
2023-06-07,323.38,374.75
2023-06-08,325.26,385.1
2023-06-09,326.79,387.7
2023-06-12,331.85,394.82
2023-06-13,334.29,410.22
2023-06-14,337.34,429.97
2023-06-15,348.1,426.53
2023-06-16,342.33,426.92
2023-06-20,338.05,438.08
2023-06-21,333.56,430.45
2023-06-22,339.71,430.25
2023-06-23,335.02,422.09
2023-06-26,328.6,406.32
2023-06-27,334.57,418.76
2023-06-28,335.85,411.17
2023-06-29,335.05,408.22
2023-06-30,340.54,423.02
2023-07-03,337.99,424.13
2023-07-05,338.15,423.17
2023-07-06,341.27,421.03
2023-07-07,337.22,425.03
2023-07-10,331.83,421.8
2023-07-11,332.47,424.05
2023-07-12,337.2,439.02
2023-07-13,342.66,459.77
2023-07-14,345.24,454.69
2023-07-17,345.73,464.61
2023-07-18,359.49,474.94
2023-07-19,355.08,470.77
2023-07-20,346.87,455.2
2023-07-21,343.77,443.09
2023-07-24,345.11,446.12
2023-07-25,350.98,456.79
2023-07-26,337.77,454.52
2023-07-27,330.72,459.0
2023-07-28,338.37,467.5
2023-07-31,335.92,467.29
2023-08-01,336.34,465.07
2023-08-02,327.5,442.69
2023-08-03,326.66,445.15
2023-08-04,327.78,446.8
2023-08-07,330.11,454.165
2023-08-08,326.05,446.64
2023-08-09,322.23,425.54
2023-08-10,322.93,423.88
2023-08-11,321.01,408.55
2023-08-14,324.04,437.53
2023-08-15,321.86,439.4
2023-08-16,320.4,434.86
2023-08-17,316.88,433.435
2023-08-18,316.48,432.99
2023-08-21,321.88,469.67
2023-08-22,322.46,456.68
2023-08-23,327.0,471.16
2023-08-24,319.97,471.63
2023-08-25,322.98,460.18
2023-08-28,323.7,468.35
2023-08-29,328.41,487.84
2023-08-30,328.79,492.64
2023-08-31,327.76,493.55
2023-09-01,328.66,485.09
2023-09-05,333.55,485.48
2023-09-06,332.88,470.61
2023-09-07,329.91,462.41
2023-09-08,334.27,455.72
2023-09-11,337.94,451.78
2023-09-12,331.77,448.7
2023-09-13,336.06,454.85
2023-09-14,338.7,455.81
2023-09-15,330.22,439.0
2023-09-18,329.06,439.66
2023-09-19,328.65,435.2
2023-09-20,320.77,422.39
2023-09-21,319.53,410.17
2023-09-22,317.01,416.1
2023-09-25,317.54,422.22
2023-09-26,312.14,419.11
2023-09-27,312.79,424.68
2023-09-28,313.64,430.89
2023-09-29,315.75,434.99
2023-10-02,321.8,447.82
2023-10-03,313.39,435.17
2023-10-04,318.955,440.41
2023-10-05,319.36,446.88
2023-10-06,327.26,457.62
2023-10-09,329.82,452.73
2023-10-10,328.39,457.98
2023-10-11,332.42,468.06
2023-10-12,331.16,469.45
2023-10-13,327.73,454.61
2023-10-16,332.64,460.95
2023-10-17,332.06,439.38
2023-10-18,330.11,421.96
2023-10-19,331.32,421.01
2023-10-20,326.67,413.87
2023-10-23,329.32,429.75
2023-10-24,330.53,436.63
2023-10-25,340.67,417.79
2023-10-26,327.89,403.26
2023-10-27,329.81,405.0
2023-10-30,337.31,411.61
2023-10-31,338.11,407.8
2023-11-01,346.07,423.25
2023-11-02,348.32,435.06
2023-11-03,352.8,450.05
2023-11-06,356.53,457.51
2023-11-07,360.53,459.55
2023-11-08,363.2,465.74
2023-11-09,360.69,469.5
2023-11-10,369.67,483.35
2023-11-13,366.68,486.2
2023-11-14,370.27,496.56
2023-11-15,369.67,488.88
2023-11-16,376.17,494.8
2023-11-17,369.85,492.98
2023-11-20,377.44,504.09
2023-11-21,373.07,499.44
2023-11-22,377.85,487.16
2023-11-24,377.43,477.76
2023-11-27,378.61,482.42
2023-11-28,382.7,478.21
2023-11-29,378.85,481.4
2023-11-30,378.91,467.7
2023-12-01,374.51,467.65
2023-12-04,369.14,455.1
2023-12-05,372.52,465.66
2023-12-06,368.8,455.03
2023-12-07,370.95,465.96
2023-12-08,374.23,475.06
2023-12-11,371.3,466.27
2023-12-12,374.38,476.57
2023-12-13,374.37,480.88
2023-12-14,365.93,483.5
2023-12-15,370.73,488.9
2023-12-18,372.65,500.77
2023-12-19,373.26,496.04
2023-12-20,370.62,481.11
2023-12-21,373.54,489.9
2023-12-22,374.58,488.3
2023-12-26,374.66,492.79
2023-12-27,374.07,494.17
2023-12-28,375.28,495.22
2023-12-29,376.04,495.22
2024-01-02,370.87,481.68
2024-01-03,370.6,475.69
2024-01-04,367.94,479.98
2024-01-05,367.75,490.97
2024-01-08,374.69,522.53
2024-01-09,375.79,531.4
2024-01-10,382.77,543.5
2024-01-11,384.63,548.22
2024-01-12,388.47,547.1
2024-01-16,390.27,563.82
2024-01-17,389.47,560.53
2024-01-18,393.87,571.07
2024-01-19,398.67,594.91
2024-01-22,396.51,596.54
2024-01-23,398.9,598.73
2024-01-24,402.56,613.62
2024-01-25,404.87,616.17
2024-01-26,403.93,610.31
2024-01-29,409.72,624.65
2024-01-30,408.59,627.74
2024-01-31,397.58,615.27
2024-02-01,403.78,630.27
2024-02-02,411.22,661.6
2024-02-05,405.65,693.32
2024-02-06,405.49,682.23
2024-02-07,414.05,700.99
2024-02-08,414.11,696.41
2024-02-09,420.55,721.33
2024-02-12,415.26,722.48
2024-02-13,406.32,721.28
2024-02-14,409.49,739.0
2024-02-15,406.56,726.58
2024-02-16,404.06,726.13
2024-02-20,402.79,694.52
2024-02-21,402.18,674.72
2024-02-22,411.65,785.38
2024-02-23,410.34,788.17
2024-02-26,407.54,790.92
2024-02-27,407.48,787.01
2024-02-28,407.72,776.63
2024-02-29,413.64,791.12
2024-03-01,415.5,822.79
2024-03-04,414.92,852.37
2024-03-05,402.65,859.64
2024-03-06,402.09,887.0
2024-03-07,409.14,926.69
2024-03-08,406.22,875.28
2024-03-11,404.52,857.74
2024-03-12,415.28,919.13
2024-03-13,415.1,908.88
2024-03-14,425.22,879.44
2024-03-15,416.42,878.365
2024-03-18,417.32,884.55
2024-03-19,421.41,893.98
2024-03-20,425.23,903.72
2024-03-21,429.37,914.35
2024-03-22,428.74,942.89
2024-03-25,422.86,950.02
2024-03-26,421.65,925.61
2024-03-27,421.43,902.5
2024-03-28,420.72,903.56
2024-04-01,424.57,903.63
2024-04-02,421.44,894.52
2024-04-03,420.45,889.64
2024-04-04,417.88,859.05
2024-04-05,425.52,880.08
2024-04-08,424.59,871.33
2024-04-09,426.28,853.54
2024-04-10,423.26,870.39
2024-04-11,427.93,906.16
2024-04-12,421.9,881.86
2024-04-15,413.64,860.01
2024-04-16,414.58,874.15
2024-04-17,411.84,840.35
2024-04-18,404.27,846.71
2024-04-19,399.12,762.0
2024-04-22,400.96,795.18
2024-04-23,407.57,824.23
2024-04-24,409.06,796.77
2024-04-25,399.04,826.32
2024-04-26,406.32,877.35
2024-04-29,402.25,877.57
2024-04-30,389.33,864.02
2024-05-01,394.94,830.41
2024-05-02,397.84,858.17
2024-05-03,406.66,887.89
2024-05-06,413.54,921.4
2024-05-07,409.34,905.54
2024-05-08,410.54,904.12
2024-05-09,412.32,887.47
2024-05-10,414.74,898.78
2024-05-13,413.72,903.99
2024-05-14,416.56,913.56
2024-05-15,423.08,946.3
2024-05-16,420.99,943.59
2024-05-17,420.21,924.79
2024-05-20,425.34,947.8
2024-05-21,429.04,953.86
2024-05-22,430.52,949.5
2024-05-23,427.0,1037.99
2024-05-24,430.16,1064.69
2024-05-28,430.32,1139.01
2024-05-29,429.17,1148.25
2024-05-30,414.67,1105.0
2024-05-31,415.13,1096.33
2024-06-03,413.52,1150.0
2024-06-04,416.07,1164.37
2024-06-05,424.01,1224.4
2024-06-06,424.52,1209.98
2024-06-07,423.85,1208.88
2024-06-10,427.87,121.79
2024-06-11,432.68,120.91
2024-06-12,441.06,125.2
2024-06-13,441.58,129.61
2024-06-14,442.57,131.88
2024-06-17,448.37,130.98
2024-06-18,446.34,135.58
2024-06-20,445.7,130.78
2024-06-21,449.78,126.57
2024-06-24,447.67,118.11
2024-06-25,450.95,126.09
2024-06-26,452.16,126.4
2024-06-27,452.85,123.99
2024-06-28,446.95,123.54
2024-07-01,456.73,124.3
2024-07-02,459.28,122.67
2024-07-03,460.77,128.28
2024-07-05,467.56,125.83
2024-07-08,466.24,128.2
2024-07-09,459.54,131.38
2024-07-10,466.25,134.91
2024-07-11,454.7,127.4
2024-07-12,453.55,129.24
2024-07-15,453.96,128.44
2024-07-16,449.52,126.36
2024-07-17,443.52,117.99
2024-07-18,440.37,121.09
2024-07-19,437.11,117.93
2024-07-22,442.94,123.54
2024-07-23,444.85,122.59
2024-07-24,428.9,114.25
2024-07-25,418.4,112.28
2024-07-26,425.27,113.06
2024-07-29,426.73,111.59
2024-07-30,422.92,103.73
2024-07-31,418.35,117.02
2024-08-01,417.11,109.21
2024-08-02,408.49,107.27
2024-08-05,395.15,100.45
2024-08-06,399.61,104.25
2024-08-07,398.43,98.91
2024-08-08,402.69,104.97
2024-08-09,406.02,104.75
2024-08-12,406.81,109.02
2024-08-13,414.01,116.14
2024-08-14,416.86,118.08
2024-08-15,421.03,122.86
2024-08-16,418.47,124.58
2024-08-19,421.53,130.0
2024-08-20,424.8,127.25
2024-08-21,424.14,128.5
2024-08-22,415.55,123.74
2024-08-23,416.79,129.37
2024-08-26,413.49,126.46
2024-08-27,413.84,128.3
2024-08-28,410.6,125.61
2024-08-29,413.12,117.59
2024-08-30,417.14,119.37
2024-09-03,409.44,108.0
2024-09-04,408.9,106.21
2024-09-05,408.39,107.21
2024-09-06,401.7,102.83
2024-09-09,405.72,106.47
2024-09-10,414.2,108.1
2024-09-11,423.04,116.91
2024-09-12,427.0,119.14
2024-09-13,430.59,119.1
2024-09-16,431.34,116.78
2024-09-17,435.15,115.59
2024-09-18,430.81,113.37
2024-09-19,438.69,117.87
2024-09-20,435.27,116.0
2024-09-23,433.51,116.26
2024-09-24,429.17,120.87
2024-09-25,432.11,123.51
2024-09-26,431.31,124.04
2024-09-27,428.02,121.4
2024-09-30,430.3,121.44
2024-10-01,420.69,117.0
2024-10-02,417.13,118.85
2024-10-03,416.54,122.85
2024-10-04,416.06,124.92
2024-10-07,409.54,127.72
2024-10-08,414.71,132.89
2024-10-09,417.46,132.65
2024-10-10,415.84,134.81
2024-10-11,416.32,134.8
2024-10-14,419.14,138.07
2024-10-15,418.74,131.6
2024-10-16,416.12,135.72
2024-10-17,416.72,136.93
2024-10-18,418.16,138.0
2024-10-21,418.78,143.71
2024-10-22,427.51,143.59
2024-10-23,424.6,139.56
2024-10-24,424.73,140.41
2024-10-25,428.15,141.54
2024-10-28,426.59,140.52
2024-10-29,431.95,141.25
2024-10-30,432.53,139.335
2024-10-31,406.35,132.76
2024-11-01,410.37,135.4
2024-11-04,408.46,136.05
2024-11-05,411.46,139.91
2024-11-06,420.18,145.61
2024-11-07,425.43,148.88
2024-11-08,422.54,147.63
2024-11-11,418.01,145.26
2024-11-12,423.03,148.29
2024-11-13,425.2,146.27
2024-11-14,426.89,146.76
2024-11-15,415.0,141.98
2024-11-18,415.76,140.15
2024-11-19,417.79,147.01
2024-11-20,415.49,145.89
2024-11-21,412.87,146.67
2024-11-22,417.0,141.95
2024-11-25,418.79,136.02
2024-11-26,427.99,136.92
2024-11-27,422.99,135.34
2024-11-29,423.46,138.25
2024-12-02,430.98,138.63
2024-12-03,431.2,140.26
2024-12-04,437.42,145.14
2024-12-05,442.62,145.06
2024-12-06,443.57,142.44
2024-12-09,446.02,138.81
2024-12-10,443.33,135.07
2024-12-11,448.99,139.31
2024-12-12,449.56,137.34
2024-12-13,447.27,134.25
2024-12-16,451.59,132.0
2024-12-17,454.46,130.39
2024-12-18,437.39,128.91
2024-12-19,437.03,130.68
2024-12-20,436.6,134.7
2024-12-23,435.25,139.67
2024-12-24,439.33,140.22
2024-12-26,438.11,139.93
2024-12-27,430.53,137.01
2024-12-30,424.83,137.49
2024-12-31,421.5,134.29
2025-01-02,418.58,138.31
2025-01-03,423.35,144.47
2025-01-06,427.85,149.43
2025-01-07,422.37,140.14
2025-01-08,424.56,140.11
2025-01-10,418.95,135.91
2025-01-13,417.19,133.23
2025-01-14,415.67,131.76
2025-01-15,426.31,136.24
2025-01-16,424.58,133.57
2025-01-17,429.03,137.71
2025-01-21,428.5,140.83
2025-01-22,446.2,147.07
2025-01-23,446.71,147.22
2025-01-24,444.06,142.62
2025-01-27,434.56,118.42
2025-01-28,447.2,128.99
2025-01-29,442.33,123.7
2025-01-30,414.99,124.65
2025-01-31,415.06,120.07
2025-02-03,410.92,116.66
2025-02-04,412.37,118.65
2025-02-05,413.29,124.83
2025-02-06,415.82,128.68
2025-02-07,409.75,129.84
2025-02-10,412.22,133.57
2025-02-11,411.44,132.8
2025-02-12,409.04,131.14
2025-02-13,410.54,135.29
2025-02-14,408.43,138.85
2025-02-18,409.64,139.4
2025-02-19,414.77,139.23
2025-02-20,416.13,140.11
2025-02-21,408.21,134.43
2025-02-24,404.0,130.28
2025-02-25,397.9,126.63
2025-02-26,399.73,131.28
2025-02-27,392.53,120.15
2025-02-28,396.99,124.92
2025-03-03,388.49,114.06
2025-03-04,388.61,115.99
2025-03-05,401.02,117.3
2025-03-06,396.89,110.57
2025-03-07,393.31,112.69
2025-03-10,380.16,106.98
2025-03-11,380.45,108.76
2025-03-12,383.27,115.74
2025-03-13,378.77,115.58
2025-03-14,388.56,121.67
2025-03-17,388.7,119.53
2025-03-18,383.52,115.43
2025-03-19,387.82,117.52
2025-03-20,386.84,118.53
2025-03-21,391.26,117.7
2025-03-24,393.08,121.41
2025-03-25,395.16,120.69
2025-03-26,389.97,113.76
2025-03-27,390.58,111.43
2025-03-28,378.8,109.67
2025-03-31,375.39,108.38
2025-04-01,382.19,110.15
2025-04-02,382.14,110.42
2025-04-03,373.11,101.8
2025-04-04,359.84,94.31
2025-04-07,357.86,97.64
2025-04-08,354.56,96.3
2025-04-09,390.49,114.33
2025-04-10,381.35,107.57
2025-04-11,388.45,110.93
2025-04-14,387.81,110.71
2025-04-15,385.73,112.2
2025-04-16,371.61,104.49
2025-04-17,367.78,101.49
2025-04-21,359.12,96.91
2025-04-22,366.82,98.89
2025-04-23,374.39,102.71
2025-04-24,387.3,106.43
2025-04-25,391.85,111.01
2025-04-28,391.16,108.73
2025-04-29,394.04,109.02
2025-04-30,395.26,108.92
2025-05-01,425.4,111.61
2025-05-02,435.28,114.5
